ouid,n_matches,short_pass_ratio,long_pass_ratio,through_pass_ratio,driven_ground_pass_ratio,heading_shoot_ratio,out_penalty_shoot_ratio,dribble_intensity,in_penalty_shoot_ratio,pass_style_type,pass_pca_x,pass_pca_y,heading_style_type,heading_pca_x,shot_location_style_type,shot_location_pca_x
0105cdcf90af281d3ea3fadba1fd589b,83,0.5439369348481335,0.11627637375376768,0.24762346394620913,0.07813586830512405,0.39171974522292996,0.11146496815286625,74.43373493975903,0.8805732484076433,1,-3.771315320206555,-1.9460663586924103,0,3.7119258701797095,0,-1.5774713398202993
01afcd5672e0e2ab5d63a2259445e8e9,165,0.7392667010132234,0.04387772625794264,0.15043791859866049,0.05508329040013739,0.12827715355805244,0.1704119850187266,106.5878787878788,0.8127340823970037,0,0.5583019177616885,-0.14185231984598023,1,0.025233765353884816,0,-0.6591271160836979
038ed3fcd9df84101597cb4dfdefaa0f,86,0.6430475344291426,0.04997778764993336,0.2215681919147046,0.05775211017325633,0.11785095320623917,0.292894280762565,74.68604651162791,0.6967071057192374,1,-1.1077976655876502,-0.9611149737226147,1,-0.12067350908281305,1,1.2490425384098172
03e408ac28cc8196602d0bcfc5ddb6cc,78,0.7595595353339787,0.039811229428848016,0.16372216844143272,0.021902226524685382,0.11235955056179775,0.28731942215088285,78.6923076923077,0.6918138041733547,0,0.9655455488305392,-0.6996740454381241,1,-0.1975217918367097,1,1.1621909982235377
07076782f2ff941a58b3b5bd42cf1e7f,86,0.6655650319829425,0.05650319829424307,0.20607675906183368,0.04744136460554371,0.14285714285714285,0.2631578947368421,78.6046511627907,0.7127819548872181,1,-0.8176981560474806,-1.0365306944266741,1,0.22927036815871474,1,0.7857750179572218
08e3b91cd9244dd5369f798d6303e5c6,115,0.753253713060787,0.05106415556576328,0.11047312815801562,0.0720410350635431,0.14498644986449866,0.22493224932249323,88.79130434782608,0.7601626016260162,0,0.7622652579712484,0.44060516801397537,1,0.2590685085549153,1,0.19025208004920124
09c673f32b5e7e8235bed9bb9bca2168,88,0.6889131026968128,0.0263325161173159,0.2317261418323799,0.042767638245709616,0.015209125475285171,0.35868187579214195,79.80681818181819,0.6261089987325729,1,-0.1689960130297744,-0.9631479669683323,1,-1.5570730431489304,1,2.273957132924692
0a253aa42a18f96f48d8de06254b5e67,70,0.5761012491781723,0.0831689677843524,0.2905982905982906,0.03057199211045365,0.16275167785234898,0.2080536912751678,61.542857142857144,0.7734899328859061,1,-2.809107778425394,-2.61100812890929,0,0.507680266241212,0,-0.07270145198511258
1108c86f12ac641cc297ce60671cd0aa,86,0.7701350933278334,0.03691863462926678,0.12684335361451995,0.049809219346189544,0.1049645390070922,0.24680851063829787,83.88372093023256,0.7319148936170212,0,1.2344324030934521,0.1521857857440628,1,-0.30100973029621986,1,0.5310655645048822
13047e440c03ca17e7ea239a2edfc0f1,88,0.4388829215896885,0.05692803437164339,0.18839957035445756,0.29473684210526313,0.14761904761904762,0.21428571428571427,76.69318181818181,0.7666666666666667,2,-4.6575897391144405,2.6868878717674436,1,0.29590984577203555,1,0.024388148782175004
1346d7a65df64366d7e2663f90d69a27,56,0.6665626462786706,0.049461694492120456,0.1374629427367764,0.12435637384927446,0.1484848484848485,0.19090909090909092,84.78571428571429,0.7848484848484848,2,-0.6463103963805028,0.9245138979773343,1,0.3080261144290031,0,-0.3397996963337212
177d5e877f1b3d945446539e6a189968,67,0.6785323110624315,0.06763417305585981,0.12061883899233297,0.11952354874041621,0.3283261802575107,0.22746781115879827,77.26865671641791,0.7381974248927039,2,-0.722335419450318,0.7654284621795964,0,2.824777918977964,1,0.22975396988353294
1a43e095c781ea67bcf6f9cf45be6cbe,84,0.6606107460378817,0.08143280505089551,0.21208607138255378,0.029506506893441566,0.18584070796460178,0.17876106194690267,75.33333333333333,0.7982300884955752,1,-1.2906621896828332,-1.7347578039459146,0,0.830794856349751,0,-0.5290556217454726
1c0721e6ac0f14ecedfeee35150db9d9,79,0.7086479902557856,0.04628501827040195,0.17880633373934227,0.046041412911084045,0.12849162011173185,0.1750465549348231,80.69620253164557,0.8026070763500931,1,0.04292474173954359,-0.6098760924722817,1,0.028235072565457,0,-0.5869244714335726
1cd736e3d7f76e65ab84e92d5bd15d17,81,0.6763392857142857,0.07354323308270677,0.20852913533834586,0.023026315789473683,0.18994413407821228,0.19180633147113593,83.67901234567901,0.7951582867783985,1,-0.9023907248044448,-1.6697863366603964,0,0.8882193926032822,0,-0.3258214539854908
2155557fcaa74d184e5ed355b68ca9b4,114,0.7408841158841158,0.049762737262737264,0.19418081918081917,0.00511988011988012,0.541343669250646,0.18087855297157623,87.32456140350877,0.8178294573643411,1,0.4487694654378426,-1.4291415534510545,0,5.805806498668767,0,-0.4960669184197698
2386dc0493f783478a60bb17f1c7556d,73,0.6809148856392951,0.03362079740032496,0.20847394075740533,0.06386701662292213,0.06437768240343347,0.2296137339055794,85.6027397260274,0.7489270386266095,1,-0.3497120534852693,-0.5068564993398325,1,-0.86899398392348,1,0.2631856151791031
249b2ba0cdf53408f79512c2f2b4ca33,86,0.6634155318365844,0.032388663967611336,0.24466323150533678,0.04103790945896209,0.1711229946524064,0.062388591800356503,72.29069767441861,0.928698752228164,1,-0.6317757409556963,-1.2098113687633465,0,0.6248309037244149,0,-2.3420394069000934
2525f5791686fc3d07e7047b5d9705e7,52,0.8267536704730832,0.04045676998368679,0.0967373572593801,0.02267536704730832,0.08366533864541832,0.17131474103585656,92.63461538461539,0.8047808764940239,0,2.1588460015592723,0.04219082102650623,1,-0.5990769232897335,0,-0.645062947651539
273cb73976b33dc7ee374a1dde36f16b,79,0.639389534883721,0.056104651162790696,0.18953488372093022,0.08430232558139535,0.0994236311239193,0.2507204610951009,71.0,0.7334293948126801,1,-1.1887552841274107,-0.3123400026929883,1,-0.378550803732236,1,0.5920104145848095
2a761d25aff27002db4fcccdcdc84e62,111,0.7553693830921554,0.03678598629093679,0.16626047220106627,0.028484386900228486,0.15166461159062886,0.14919852034525277,92.62162162162163,0.8347718865598027,0,0.9166519035605075,-0.5916710254469811,1,0.3525246424126989,0,-0.9896147944111124
2bc37f13c6e428688b4c701a9f92e604,84,0.763665731531072,0.021253081696846043,0.12335288616849444,0.08016662416050327,0.09830508474576272,0.23898305084745763,87.36904761904762,0.7423728813559322,0,1.2963384796021964,0.8487891621471394,1,-0.3942040664608276,1,0.40915157836789645
2eb2f940a69d3a359ff04d17662a4532,105,0.7347092876919205,0.05604497021562212,0.11578152529574628,0.07752328215454317,0.1839080459770115,0.27816091954022987,81.80952380952381,0.7034482758620689,0,0.39904768352689907,0.39067619332560766,0,0.8037486234459619,1,1.0195093424289956
2edb12c5e12457a3cca52ff56ceedfa7,85,0.7032416502946954,0.04430255402750491,0.19656188605108055,0.04430255402750491,0.20637898686679174,0.10694183864915573,82.4,0.874296435272045,1,-0.10798723041357272,-0.8130949613810202,0,1.1182134935446622,0,-1.6479378379366927
314c9e7e68905690be4bde7f27bd2022,77,0.7750853970964987,0.029995730145175065,0.11026900085397097,0.06767719897523485,0.05084745762711865,0.24293785310734464,82.49350649350649,0.7419962335216572,0,1.432016844302942,0.6937081919753644,1,-1.05833987725121,1,0.47076402297476033
31a20d01827a9c69bcae9d27fc96b315,88,0.845758809987604,0.026031521161678766,0.09801664600672924,0.01611475119532495,0.18799368088467613,0.2985781990521327,86.51136363636364,0.6808846761453397,0,2.6701002128887326,0.1463041084344975,0,0.860924184398721,1,1.3375931353177732
31ceb1bfcb8c17b9fe9e92c98ad0031e,88,0.7275919423396784,0.039549066715948995,0.17307336906301976,0.048419885418591754,0.12232415902140673,0.13608562691131498,78.42045454545455,0.845565749235474,0,0.39069648576400157,-0.42456716936784056,1,-0.05807416833908991,0,-1.1939024849813318
3247c0f38c9d9a3b7405b8639a2a85ce,94,0.6185335613510047,0.05707567336468576,0.20585720393330484,0.1013253527148354,0.1532033426183844,0.2576601671309192,70.72340425531915,0.7298050139275766,1,-1.6732525853850928,-0.28047467682967797,1,0.3740580911068766,1,0.7001251130253815
32a7460f0f60888bdfa3516ca384205c,77,0.8387810036531437,0.027206306479523167,0.10594116516054605,0.01826571813112863,0.11844331641285956,0.2910321489001692,104.07792207792208,0.6988155668358714,0,2.4958562180869386,0.06679456031440208,1,-0.11238380640704089,1,1.220032112936404
33a3587fe645be7cc851cccd92783eb8,100,0.750195083886071,0.08730003901677721,0.15323839250877877,0.0005852516582130316,0.13054499366286437,0.30544993662864384,76.77,0.688212927756654,1,0.15875425928902379,-1.5918193367680291,1,0.056970578131877954,1,1.4446489431593
3434eb566aee44f0e71d8062f343c1ea,84,0.67379730906979,0.07211305778724228,0.19959345658697125,0.04762365695479624,0.05993690851735016,0.25236593059936907,79.91666666666667,0.7381703470031545,1,-1.0036194795582052,-1.2123227563670664,1,-0.9311394628366483,1,0.6176454253949086
3444a7830f1c014414555325aa704145,80,0.7181842745203999,0.025038277942898316,0.14842835269746915,0.09772133657570026,0.11346153846153846,0.17692307692307693,84.8,0.7980769230769231,0,0.4426223536071749,0.7654783760051954,1,-0.1821002532619762,0,-0.5576898600782746
380885a464de2544a85e021f5d48c30b,70,0.7938612645794966,0.05009208103130755,0.12596685082872927,0.015469613259668509,0.19700214132762311,0.22269807280513917,80.45714285714286,0.7623126338329764,0,1.4535441637267401,-0.5243990559756112,0,0.9869911949825535,1,0.15544551631436473
39d4db153a75eea75cfd34efeed971c2,81,0.6452753374758946,0.03889007928005143,0.12941932719091492,0.16145275337475895,0.09722222222222222,0.2003968253968254,88.08641975308642,0.7876984126984127,2,-0.8390088844516732,1.7026571666198174,1,-0.40935795896894156,0,-0.19198888882526316
3b6d553a931611f6452b3c292887aec4,97,0.7260824022346368,0.038931564245810055,0.1251745810055866,0.08545740223463687,0.17546583850931677,0.1956521739130435,70.4020618556701,0.7701863354037267,0,0.5262072889135396,0.661119396271215,0,0.6856059213803671,0,-0.265906510368177
3caf8971e207870b2f3799284f7b492c,77,0.6402877697841727,0.03327338129496403,0.13360739979445016,0.17201952723535457,0.11238532110091744,0.12614678899082568,64.94805194805195,0.8348623853211009,2,-0.8865773632192245,1.8845747164940496,1,-0.1971611514311123,0,-1.34874109904904
3da122a7abe044dd338a434981f6329c,125,0.753245910153207,0.038691249026226955,0.16495715398597766,0.024798753570501167,0.13615023474178403,0.1936619718309859,92.736,0.7922535211267606,0,0.8965368827930021,-0.6514485365189817,1,0.13541194898502368,0,-0.2969121605825928
44d2861d6a8ed5e5ad447017386444df,71,0.6961543879419636,0.051133962529933796,0.18129313987885617,0.05226088181434005,0.12287334593572778,0.1833648393194707,70.19718309859155,0.8015122873345936,1,-0.24166247500697605,-0.6207838632264351,1,-0.050388687231780305,0,-0.4573326986484818
4524b3c978b6397b0acf7a495662c754,56,0.7090818363273453,0.05705256154357951,0.20026613439787092,0.0166333998669328,0.04782608695652174,0.15869565217391304,84.58928571428571,0.8282608695652174,1,-0.13830300252253508,-1.4301130895555212,1,-1.1006218155158152,0,-0.841657584349709
48593565dc7edf9471cce0d3c2e97bc9,75,0.7872569034060385,0.027291286128720317,0.11571935102610938,0.056838938433437194,0.12041884816753927,0.16579406631762653,88.14666666666666,0.8219895287958116,0,1.635790083863417,0.5128429442623427,1,-0.08473764153756053,0,-0.7310703490125315
4877f586def5b5ef53b826c131d53c94,74,0.7421542706058167,0.03379698815955857,0.13242901482929073,0.07150247154845385,0.11001642036124795,0.2594417077175698,75.22972972972973,0.7241379310344828,0,0.8239941283666737,0.45107419014755085,1,-0.2303122360710828,1,0.7278799951905962
488c7f587382d8f4edfb16871c17a0f4,76,0.6351351351351351,0.06662162162162162,0.17662162162162162,0.10567567567567568,0.10192837465564739,0.2878787878787879,70.36842105263158,0.7066115702479339,1,-1.4912754709355363,-0.035647791121278624,1,-0.3434986956251983,1,1.1709054389618498
48de1d9a3e16381caed687fbfb652806,79,0.6325534842987615,0.07256349305642437,0.09508319779807331,0.18265982734893033,0.10260869565217391,0.12173913043478261,80.92405063291139,0.8556521739130435,2,-1.5072415530383994,1.8836912793693976,1,-0.333978086103439,0,-1.417408658331241
4a59d8c669a35cc9f4ef766f4d4b321e,90,0.7939736346516008,0.061142498430634025,0.1273069679849341,0.0038920276208411803,0.1111111111111111,0.24131944444444445,67.92222222222222,0.7413194444444444,0,1.304171338083066,-0.8678752072840655,1,-0.2149928159300897,1,0.44555059698236804
4ae84483040ac4d35a90be2e579241ec,65,0.7064453417077913,0.04247046508150142,0.20666965754448932,0.028562883206221027,0.2054176072234763,0.1873589164785553,77.95384615384616,0.7900677200902935,1,-0.010233421197572182,-1.1181953247361827,0,1.1047596677287514,0,-0.39510838462508724
4e07b7cc824b0af9703a6c0eb7727e77,86,0.7805050505050505,0.04151515151515151,0.14595959595959596,0.016464646464646463,0.10582010582010581,0.13756613756613756,87.52325581395348,0.8500881834215167,0,1.322342515983925,-0.604916033960764,1,-0.28903667994489046,0,-1.1708373922874853
4e0eab16941d8e68d8673178b35878f0,68,0.6971525843392139,0.037913958526771895,0.181058495821727,0.06468585577220674,0.12608695652173912,0.2326086956521739,72.51470588235294,0.7478260869565218,1,-0.0534545757648765,-0.24675807135297534,1,-0.005416487783849341,1,0.3098445636133548
4f3fd3cf2a639bf0002c93993bf125da,76,0.7588979416809606,0.03173241852487135,0.13068181818181818,0.05853344768439108,0.10509031198686371,0.23973727422003285,78.90789473684211,0.7438423645320197,0,1.1358987768107163,0.31518052959481896,1,-0.2992496267055526,1,0.4209017349396489
5889ac88cb81de7b5c95e53b29f197cf,86,0.6061549100968188,0.026394651913324112,0.1876440756108806,0.15675426463808206,0.061601642710472276,0.11704312114989733,74.90697674418605,0.8767967145790554,2,-1.4209886284804993,1.1709100613310328,1,-0.9078426892677632,0,-1.4905684759213573
58a3b108d57eb3a4ed60f18eb3ca868e,81,0.6993617298423863,0.09521948677868959,0.182883939038687,0.013807476878989188,0.07692307692307693,0.413986013986014,62.22222222222222,0.579020979020979,1,-0.8368524295150619,-1.8471000042763162,1,-0.6934300911026483,1,3.135548415391906
596b48f11164e472a37f5fa8ad1bffa2,77,0.7676838536186134,0.01870688647258272,0.1892903074944464,0.013094820530807903,0.017412935323383085,0.11442786069651742,85.25974025974025,0.8532338308457711,0,1.317364044689287,-0.8045449049948392,1,-1.5262322883712998,0,-1.5313120022035018
5b544cdb2cf24da4076751bdec549e31,90,0.7392190685275207,0.03489101458366003,0.19060686843343264,0.01803355809941979,0.15728715728715728,0.1471861471861472,88.5,0.834054834054834,0,0.6707058309348287,-0.9781019261637934,0,0.43120817910817133,0,-1.0209658510875275
5db861ee4d9dfe7f46c6aba2e1bcf931,88,0.7037743042317957,0.029355699580632864,0.11542127335112466,0.1382005337399924,0.06902654867256637,0.18584070796460178,80.85227272727273,0.7911504424778761,2,0.20158330252503304,1.6503342923537099,1,-0.8039363997929473,0,-0.41876077779690224
5dc2fe3e2d80ac6976b372a78668bb83,86,0.7346783724463954,0.024312004052000676,0.1424953570825595,0.08787776464629411,0.09532062391681109,0.20797227036395147,88.72093023255815,0.7746967071057193,0,0.7377084828898098,0.701045068099914,1,-0.435969477686566,0,-0.0739699203060292
5ee1be6a903a253b68ed7c1ab48bbca0,60,0.6261461106181603,0.042443064182194616,0.18175096125406684,0.13575865128660158,0.08064516129032258,0.1935483870967742,81.45,0.7943548387096774,2,-1.3519798200246949,0.6895111882819486,1,-0.6413421619507972,0,-0.2986817138206363
6397dd70d327c084bdd58b2a091494dd,103,0.7234025622662529,0.04846025304368584,0.17816503541020132,0.03541020132091987,0.11183355006501951,0.2717815344603381,76.35922330097087,0.716514954486346,1,0.2226452740496058,-0.7936927980798741,1,-0.20488279548593605,1,0.9201239663642222
68d4d4d58d0c2be4cbfe158d31b975ef,75,0.5831079675473269,0.03359683794466403,0.2770959018098606,0.09007697108383607,0.1888412017167382,0.13304721030042918,79.14666666666666,0.851931330472103,1,-2.0599673597018517,-0.888248221135846,0,0.8727846369568759,0,-1.2412384231215423
6a536bb407850c946f1383e8b0f99982,114,0.6724193548387096,0.06443548387096774,0.15556451612903227,0.09080645161290322,0.09214659685863874,0.2942408376963351,76.01754385964912,0.6952879581151833,1,-0.8022199223972749,0.0180035008173343,1,-0.4803877337548676,1,1.2700207464313396
6a86dc2f1078f3f5cea4fbbe406910a1,53,0.6811279826464208,0.04321708660103454,0.1940597363590856,0.06257300183547472,0.11479028697571744,0.271523178807947,80.79245283018868,0.7152317880794702,1,-0.40921249998191445,-0.4989326615425125,1,-0.1635053608204599,1,0.916099005752849
6ed4a7cf6827afb37dcfb2240c602688,125,0.7325868159701393,0.051123108711591016,0.1511031127107912,0.043524628407651804,0.2089171974522293,0.15159235668789808,87.856,0.8318471337579618,0,0.42810118314762646,-0.40798520534868893,0,1.1537339493167558,0,-0.9523208668347319
6fbe3816f7848b005f347069c96070a5,87,0.7157442235357335,0.02525523911875336,0.1492924950743328,0.0984237864947161,0.08797127468581688,0.2459605026929982,90.52873563218391,0.7324955116696589,0,0.40247802507315017,0.7635831452665415,1,-0.5388184043323421,1,0.5178543243157335
70798108de215d8b194c90da0d75a87c,139,0.7012433135752494,0.02031227410727194,0.14290877548069972,0.11731964724591586,0.07658643326039387,0.21334792122538293,80.87050359712231,0.7538293216630197,0,0.2805489340015494,1.1855900242374955,1,-0.6981411802454854,1,0.00977813311377669
715fc158c8a08f3fef034d29a286a164,76,0.8114314618108245,0.059989883662114316,0.10085988872028326,0.014061709661102682,0.22743682310469315,0.15342960288808663,86.44736842105263,0.8429602888086642,0,1.644810329223488,-0.4124737966466749,0,1.412902966922389,0,-0.9236981387437649
72dcdc3d3be43255071aa178fecad5c0,85,0.6117169373549884,0.06078886310904873,0.2885150812064965,0.023781902552204175,0.09028960817717206,0.22487223168654175,78.48235294117647,0.7597955706984668,1,-1.9482531752630048,-2.3626420916106285,1,-0.5063749724448933,1,0.18931705649366165
752f823e171bba144c516086bda3d89a,141,0.7713718853941763,0.030752173659333606,0.11740678065005544,0.06459707066581082,0.09839816933638444,0.19794050343249428,79.34042553191489,0.7894736842105263,0,1.342923252875744,0.5581131962368436,1,-0.3929014136773225,0,-0.230256289069011
76c3297d3bc93d8371d58de802f77310,69,0.6413059320798717,0.07156391196618568,0.20274012534615946,0.06981489578778603,0.22690763052208834,0.24096385542168675,68.08695652173913,0.7429718875502008,1,-1.4917072659230075,-0.9121838612346346,0,1.405497292297447,1,0.4400108234291655
79261904b91d0a0ba2d699ebafdaeaf3,73,0.6003601606870758,0.030059565036708685,0.21969801911622108,0.1288267073001801,0.08527131782945736,0.16085271317829458,75.08219178082192,0.8294573643410853,2,-1.6187071981848526,0.36003710670832567,1,-0.5766023843744654,0,-0.8080524145049136
79428c08c2530a754d27686cb29abadc,81,0.6406351968675223,0.049488797041548835,0.14846639112464652,0.14226669567108985,0.20539730134932535,0.24887556221889057,76.9753086419753,0.7421289355322339,2,-1.1201096437997715,1.0547063059742627,0,1.1044755014311123,1,0.5632684643313925
7b16d10af4dcf9d956bd6b0faee5f3d8,90,0.7533414337788579,0.06156338598622924,0.15309842041312272,0.01647090589982449,0.09325396825396826,0.23809523809523808,60.44444444444444,0.746031746031746,0,0.5957309443731043,-0.9776114433171446,1,-0.4648908569800421,1,0.39532021325206956
7c09ae247b0ce4cd7e53bf3793a19898,84,0.5704244031830239,0.05305039787798409,0.19270557029177718,0.15119363395225463,0.17688266199649738,0.12784588441331,69.63095238095238,0.861646234676007,2,-2.3036335064835964,0.6566428421949525,0,0.705433360562127,0,-1.3222706421917152
8406ec89efe0c686a6a49d35381933d5,79,0.9060727394060727,0.02002002002002002,0.04796463129796463,0.017100433767100433,0.10236220472440945,0.17125984251968504,82.34177215189874,0.8011811023622047,0,3.786414836686616,0.7966356856227464,1,-0.3374275517025948,0,-0.6459182196890122
85770c91c0193ca85a64a81995e2b9e4,85,0.731239092495637,0.03655736199136585,0.14926058602002387,0.07201249196289153,0.16917922948073702,0.18760469011725292,90.4,0.8006700167504187,0,0.5156282163026672,0.22011146556486944,0,0.5976292896393818,0,-0.39127944105092294
865503614bd31b4146360d2225a2facd,88,0.7929110600590745,0.03322940597308828,0.11626189694781752,0.04725959960617,0.10990712074303406,0.23529411764705882,93.43181818181819,0.7492260061919505,0,1.6348838789594191,0.27966310380827697,1,-0.2318418066579157,1,0.3516811468438468
86caf7598ea79a833b176139b7d76fcb,77,0.7798400631849146,0.039688024484154406,0.13278704709250666,0.03198736301707967,0.04020100502512563,0.22613065326633167,88.42857142857143,0.7520938023450586,0,1.3512089582755622,-0.2099398427685655,1,-1.2073294256158864,1,0.2089221909053892
8979f68fc7ec9230c47d90f0100badcd,112,0.7759509362562798,0.04534481633718275,0.13022770274678672,0.032426437006589676,0.05911949685534591,0.24025157232704403,92.16071428571429,0.7421383647798742,0,1.2180290591350387,-0.2577175098264049,1,-0.9425785589283581,1,0.42891406060028664
8bf198976b441f2c496e1b2014a18b3e,56,0.6673309608540925,0.06562277580071174,0.21466192170818504,0.044270462633451954,0.21518987341772153,0.21518987341772153,79.60714285714286,0.7805907172995781,1,-1.0373961154437243,-1.3306787671846083,0,1.241515597728143,1,0.03847417654685487
8d3d721085a56d939acc2d6c87e3a4eb,79,0.713033251363199,0.03496204426387255,0.1926654549342457,0.04650914145194055,0.12313432835820895,0.20708955223880596,79.59493670886076,0.7705223880597015,0,0.19196135618497182,-0.6000155453854522,1,-0.04673642344869547,0,-0.08772191547924837
8dcb71aeef40848562bcf75338f7ff9f,86,0.7438428275991728,0.03797706335777402,0.1259635269787554,0.06843391614965219,0.1360655737704918,0.18524590163934426,77.31395348837209,0.8,0,0.8334344898327182,0.4221093890258427,1,0.1342271787757821,0,-0.4280273528007782
8e15ac08c307158d4c8bfe7b537e1364,109,0.7865894408554244,0.02903393480359397,0.11190317071359619,0.058587658721318776,0.07692307692307693,0.2977667493796526,89.79816513761467,0.6873449131513648,0,1.613868958130681,0.5558462837488745,1,-0.6934300911026483,1,1.3249514418242618
8ff87c0a6f096baf0d572a33683c4e52,70,0.49929037751915983,0.026256031791087143,0.45784842463809255,0.002980414419528811,0.11421319796954314,0.24111675126903553,79.47142857142858,0.7436548223350253,1,-3.6116900352618675,-4.0327749321498345,1,-0.1715813119011075,1,0.4423928102660158
972229df86a4a8081e06723890601ad3,81,0.5675012272950417,0.04381443298969072,0.15181639666175747,0.21637211585665195,0.13745704467353953,0.20962199312714777,80.03703703703704,0.7697594501718213,2,-2.2762877658451846,2.1625414170229615,1,0.15369982653536166,0,-0.048268647351103054
9809482bbb0eea976febf4516f5c828a,73,0.8152,0.0096,0.1535,0.0089,0.03278688524590164,0.07103825136612021,111.21917808219177,0.9107468123861566,0,2.2915699725823093,-0.33263408161644026,1,-1.3110847701164021,0,-2.2072850915530924
992819c32a72af2b1e208a4431a7dd14,100,0.6125841238952404,0.04856888024000649,0.10654342009243493,0.2190870023514149,0.2814814814814815,0.07222222222222222,97.27,0.9111111111111111,2,-1.5772831371835838,2.624451193167092,0,2.1692196053464947,0,-2.1888398358881958
9bfca39d908117146364a11db4008d4f,94,0.6891848694725626,0.04549813532232286,0.204368673415024,0.04251465103889185,0.17337031900138697,0.11373092926490985,82.37234042553192,0.8668515950069348,1,-0.31902835394730117,-0.934263948887736,0,0.6562806130596046,0,-1.5421695992217483
9d94e6434ffa6439470bd27dd9ecd012,83,0.6798621149783165,0.05059490715000556,0.1511175358612254,0.09718670076726342,0.16666666666666666,0.20833333333333334,73.1566265060241,0.77,1,-0.4590899339113229,0.3667787022000708,0,0.562467756225318,0,-0.06834486733529832
9ff5f4929e62dac0a346ce9961d70261,65,0.7301220295439949,0.04367373153500321,0.10661528580603725,0.10430314707771356,0.04195804195804196,0.17016317016317017,83.23076923076923,0.8181818181818182,0,0.48725570893067316,1.0557625781373792,1,-1.182740940710947,0,-0.6630034392214754
a99ebe2ef6e39fb470ba670bd4c26de3,83,0.6032639279684862,0.04963421496904896,0.15835678109172763,0.1719752391671356,0.039942938659058486,0.3223965763195435,80.79518072289157,0.6633380884450785,2,-1.7827107446825325,1.365078094771627,1,-1.210940881258986,1,1.7086631291069603
a9f000a1df20b9740479853a2ee99056,117,0.7114275282949982,0.04928806133625411,0.12537422416940489,0.09565534866739686,0.1089238845144357,0.2979002624671916,81.76923076923077,0.6902887139107612,0,0.09902114962748408,0.6455999743267093,1,-0.24560149987321583,1,1.3270314618024348
ace652363cc849d864cb08ffeffe4205,131,0.6918415271570335,0.06870691614271646,0.1236269979547004,0.09832588440269677,0.23068309070548712,0.12094064949608063,77.63358778625954,0.8678611422172452,1,-0.48643625099689464,0.41781129633238656,0,1.45833217811548,0,-1.4298483100186097
af20ab1eb52cd17fe1381647eb6e77be,81,0.7975257731958763,0.0411340206185567,0.13412371134020618,0.016494845360824743,0.21835443037974683,0.3037974683544304,85.22222222222223,0.6867088607594937,0,1.5926453282078408,-0.4737017014768935,0,1.2858013265218051,1,1.41890489748545
afe3fe8b1d6e483e21600e282305e626,120,0.5698215089245537,0.046047697615119246,0.14579271036448177,0.21583920803959802,0.12296110414052698,0.1794228356336261,82.65833333333333,0.8067754077791719,2,-2.243938954377635,2.1914236683944903,1,-0.049160573437719006,0,-0.5187457523926892
b0a24490f42c6b16fd07cdc5059b45cd,78,0.7891964470150795,0.016009089031191904,0.16184672588308202,0.017041933484817185,0.06593406593406594,0.09340659340659341,83.7051282051282,0.891941391941392,0,1.7827902500572554,-0.39869025293593624,1,-0.8472135009795422,0,-1.858805409295751
b2df117bcaf10dc2f20d55d43f93ee71,86,0.7363885227618372,0.05049173679407888,0.15765994119436277,0.03396532495184021,0.21923076923076923,0.16346153846153846,84.90697674418605,0.8173076923076923,0,0.49155953523804663,-0.6083600540046092,0,1.298065066803127,0,-0.7674091426824073
b48da215ca3a6872dcfcdfd3191c3ad5,74,0.8070711479703186,0.028699257965953733,0.12941946748144914,0.024443474465298997,0.03111111111111111,0.26666666666666666,91.05405405405405,0.7244444444444444,0,1.9174720174140099,-0.12616543600153002,1,-1.3345360398338768,1,0.8404386906159432
b4c82084d4ef8bb53170747b9f4e9a61,80,0.772722313147845,0.03829787234042553,0.1287506819421713,0.04539007092198582,0.03546099290780142,0.2765957446808511,84.125,0.7021276595744681,0,1.2472340258519348,0.045835300184419156,1,-1.2736625312055387,1,0.995125253671474
b6748b1f7b6a135ed2a232e8ac188ba1,83,0.7435745588061116,0.06016818666350823,0.1405898377354021,0.03719057207153855,0.09868421052631579,0.2450657894736842,74.40963855421687,0.7384868421052632,0,0.48541369237918625,-0.5185093821526351,1,-0.3888984702280098,1,0.5039154558106903
b7e177f4eb59d9ca9cab7834a3ca5653,80,0.6828904891979141,0.05736280109262478,0.1676185746213062,0.06878569654829898,0.12135922330097088,0.23948220064724918,72.025,0.7427184466019418,1,-0.4990125466935631,-0.3189224028763933,1,-0.07157775893054835,1,0.41692790632798576
b8f996af9ea90e2c3c82f09a2cc8dc76,86,0.7882895875396596,0.03518892414190943,0.08047303143928468,0.08076146524372657,0.057233704292527825,0.28298887122416533,83.96511627906976,0.699523052464229,0,1.6103360110954732,1.1329280690517851,1,-0.9689688874957474,1,1.0947247100108852
b95234f5ae88d9caf5aafc33383b7900,65,0.7433895054117002,0.04123852582545554,0.1819427318810796,0.012741471434443074,0.16934046345811052,0.22281639928698752,75.8,0.7611408199643493,0,0.694952825746089,-1.0465397417926279,0,0.5998856447247762,1,0.15728894193449025
bb0b4f065fcdebcf571118d9ca1a0ac0,88,0.6598073998986316,0.06822098327420173,0.17445514445007604,0.07815509376583882,0.17953020134228187,0.24664429530201343,79.07954545454545,0.7365771812080537,1,-1.067054542929598,-0.4245786028440697,0,0.7424837947445232,1,0.5285072296892468
bbfe0be20867d708ba3a66bb5ac83b5f,79,0.7662483420059177,0.039077645138251196,0.10764207733904703,0.06825834098561372,0.11168384879725086,0.26288659793814434,100.22784810126582,0.7233676975945017,0,1.181862894899708,0.6003288382435195,1,-0.20697775848518843,1,0.7815484453289705
bf7aa48910ef14c5866851f455a9d37f,82,0.6846856303138449,0.025191560827122914,0.13886847905951505,0.13162590532171722,0.03333333333333333,0.28405797101449276,86.10975609756098,0.7057971014492753,2,-0.0469886887151546,1.3653053642816266,1,-1.3034376169476607,1,1.1113803724896056
c145f93540d1eab158e28e3303025982,107,0.6502070393374741,0.06853002070393374,0.17443064182194618,0.08064182194616977,0.10159118727050184,0.29498164014687883,73.25233644859813,0.6842105263157895,1,-1.182267555990928,-0.3848452102721821,1,-0.3482173937780174,1,1.2815618164898106
c305d74d5466eadc694c352a7c2d96af,84,0.6717860594995168,0.04822253248845452,0.18827193641928902,0.0766834926431103,0.11647727272727272,0.2840909090909091,79.89285714285714,0.7059659090909091,1,-0.6547009210400724,-0.31115181551609156,1,-0.13989719248326055,1,1.1118935196143667
c3e51479df54a0d6eb0b840eba788b6c,75,0.760477520955042,0.03695707391414783,0.10985521971043942,0.07175514351028701,0.09770992366412214,0.26106870229007634,84.96,0.7312977099236642,0,1.1254469838610313,0.659578076782911,1,-0.40253292341185215,1,0.753227182328365
c48abe97cbb68fe54e49d5b8da75a8fa,85,0.614857422592094,0.06816791090441807,0.1802716925712887,0.11504099865377555,0.15123859191655803,0.2438070404172099,68.25882352941177,0.7405475880052151,1,-1.8154924293154378,0.04228211862074981,1,0.3465627994207527,1,0.48430521959165335
c5f20fce014f2466bdc61ac8136d4e77,84,0.6760840318741592,0.07978888543930457,0.17251371209769223,0.055676291006933665,0.15895061728395063,0.24074074074074073,72.52380952380952,0.7530864197530864,1,-0.9648056933611282,-0.898306180990893,0,0.45448712120373397,1,0.43653488708205784
cdcab790a58aad2055ca7390ac0f1b5d,108,0.6707241432780277,0.05869126996433555,0.16444409986044348,0.08962629865095363,0.10296191819464035,0.22143864598025387,87.26851851851852,0.7503526093088858,1,-0.7689770042740829,-0.013461582230273472,1,-0.3290349873040845,1,0.13582472104181895
cec4995c4b6ded3530ccd59d6a680548,89,0.6545454545454545,0.051932498639085466,0.17495917256396298,0.09373979314099075,0.10401188707280833,0.2867756315007429,70.5505617977528,0.687964338781575,1,-0.9053106668034311,0.038098574923177475,1,-0.3143414180182992,1,1.1537192039067128
d2d4076ce7350769f6ea623dad94ed5a,108,0.6359844271412681,0.05830552465702633,0.17436040044493883,0.10882461994809046,0.036616161616161616,0.17803030303030304,73.68518518518519,0.803030303030303,1,-1.3177195707683642,0.16436740150963433,1,-1.2574967649566593,0,-0.5404402221151641
d4dd1a49179e02a9afadb0cc144ac08d,81,0.8006912442396313,0.042836196062002514,0.12316715542521994,0.02293674067867616,0.2,0.3086206896551724,86.48148148148148,0.6844827586206896,0,1.6343353389822097,-0.2854972922862351,0,1.028944099518563,1,1.4940465697335852
d5b6b8e9bae095b5f1557444b397024c,74,0.7051623203831825,0.08696114954763172,0.17253858435337946,0.02362959020755721,0.08461538461538462,0.16923076923076924,91.62162162162163,0.8173076923076923,1,-0.5977642109098592,-1.467313260366145,1,-0.5857817041888226,0,-0.677529450137779
d648becda714dc515d3037589bf27105,80,0.6890035948013642,0.04129412849110517,0.1415798691123606,0.11401972532030602,0.04189435336976321,0.1766848816029144,96.175,0.8087431693989071,2,-0.22652451713781602,0.8407220241713034,1,-1.1836322173040403,0,-0.5614007399161827
d753011af474cdf73253c6f273c11882,86,0.7951584433050349,0.024123728671093553,0.10019332604858368,0.07237118601328066,0.12222222222222222,0.11333333333333333,98.34883720930233,0.8533333333333334,0,1.79304413257592,0.9476536230793412,1,-0.05950070149900811,0,-1.548363804570178
d7abae216a3b9abd88046209098b9642,132,0.700934030429419,0.04352934265405628,0.11073253833049404,0.1272396169887799,0.16143497757847533,0.20179372197309417,78.15151515151516,0.7847533632286996,2,0.008140062833709725,1.3431981478366062,0,0.48925398037211826,0,-0.17022643212803856
d83327056d9eb986cabcec68fc276f4f,81,0.8484317504818644,0.014806378132118452,0.11039074820396005,0.01165235675486245,0.08302583025830258,0.23800738007380073,102.55555555555556,0.7472324723247232,0,2.85059939660054,0.11054634166765887,1,-0.6080263893075468,1,0.39395146024664573
daa99f4160bb842dad27847959803941,78,0.7809631585565195,0.020118194392053312,0.1037344398340249,0.07594618383000126,0.053082191780821915,0.18835616438356165,87.17948717948718,0.7825342465753424,0,1.6835279552061713,1.0318821117278123,1,-1.0270663587636493,0,-0.3795721132090113
dbd92e3af57a94f4df9e711dcd230345,79,0.7111386138613861,0.04863861386138614,0.11819306930693069,0.10309405940594059,0.14130434782608695,0.18840579710144928,83.20253164556962,0.8007246376811594,0,0.11602530886119237,0.8419468321175897,1,0.2075401037195884,0,-0.37879887781553623
dd4267a3354284818a962d8dd283c338,75,0.6990511826807431,0.04129359882400107,0.15207804356541493,0.09007082720833891,0.11921708185053381,0.2580071174377224,75.42666666666666,0.7330960854092526,0,-0.043653547626471285,0.3859696917490203,1,-0.10155550824905141,1,0.7055303027553624
df3cdfbf6af8066412760fd3c89ce308,73,0.6715823037066561,0.042746113989637305,0.17018732562774014,0.100438421681945,0.06470588235294118,0.2196078431372549,86.1917808219178,0.7705882352941177,1,-0.5661153216691441,0.3093161014628182,1,-0.8644010585540185,1,0.10730237495779864
e12025eed658876fdce204dc14a156c4,85,0.6923625133626321,0.07352417151680722,0.19206556598170804,0.028625727521083263,0.29874213836477986,0.0880503144654088,76.32941176470588,0.9009433962264151,1,-0.6504830406078139,-1.4132972672139898,0,2.4107702485193068,0,-1.9422516647280206
e1590f0bbb6f24565be5ecb8c7d9c3ea,77,0.7882427979164452,0.06548315084511534,0.13830126501541407,0.0,0.02142857142857143,0.2017857142857143,79.01298701298701,0.7857142857142857,0,1.0957469223287961,-1.1159976779076153,1,-1.4700363109809622,0,-0.1703511850645194
e1f8215401de8ed6255e55eea89f91c4,75,0.6738422154991854,0.02583197579706772,0.1654642774028392,0.1188038166162439,0.10634328358208955,0.20522388059701493,89.36,0.7817164179104478,2,-0.2962785137823282,0.8733790282532604,1,-0.2817151784658149,0,-0.1167874876951726
e48b6f05d0f58f776bdb9dbaecc09d7e,101,0.7455883657000976,0.04664361088942095,0.1748692028021637,0.016582424403653453,0.13674033149171272,0.26519337016574585,71.94059405940594,0.7265193370165746,0,0.637925934575937,-0.9977592285489182,1,0.14366993420790256,1,0.8174859882841043
e9601e0afc66e969ee7cfdc3706bb7a2,84,0.6441253836036825,0.01841297676457694,0.222818939061815,0.09973695747479176,0.047524752475247525,0.13465346534653466,82.05952380952381,0.8514851485148515,1,-0.7782948024109384,0.07229515256358769,1,-1.104838777723804,0,-1.2162143401082246
e99433352621f14bec2fac17c8d57d79,85,0.5618988520012411,0.02854483400558486,0.11862653842176027,0.2654876409142621,0.138353765323993,0.13485113835376533,78.72941176470589,0.8388791593695272,2,-2.0978342053725134,3.462729359680627,1,0.16624879563473374,0,-1.2131347633284186
eac7f378d102d21612ba9dc3059695f8,70,0.7108825826607654,0.019916688362405625,0.15308513407966676,0.10544129133038271,0.08190476190476191,0.21714285714285714,88.88571428571429,0.7619047619047619,0,0.38032694345110624,0.8993928672889496,1,-0.6237149452917897,1,0.06889999651856245
ebc08cdfda1bcfcaace1a6d698524783,83,0.7616741295805538,0.03509092570593073,0.1968381613817052,0.00027414785707758385,0.15316901408450703,0.13732394366197184,78.40963855421687,0.8503521126760564,0,0.9571935436125355,-1.3178583820903023,1,0.37357768763826477,0,-1.1746105666522022
eca7a466af056f0bef92d79720d6c813,77,0.7042751526840244,0.03846565948783885,0.13554055501982212,0.09825350905389478,0.13636363636363635,0.24915824915824916,78.31168831168831,0.7356902356902357,0,0.14499407418826107,0.7350478853678197,1,0.13839835323145924,1,0.5676724856320209
edcabc4ff82ec1e48100c83ad31eafe6,51,0.5810601363918165,0.10291382517048978,0.06494110353378797,0.23403595784252945,0.20202020202020202,0.09090909090909091,78.25490196078431,0.898989898989899,2,-2.7348371957587103,2.508056720151665,0,1.0572153930514867,0,-1.8977143671072785
f13f2f743bea9eda727d8c82f36370c4,72,0.6982215218370104,0.03782080144079244,0.13012156686177398,0.1089599279603782,0.12915129151291513,0.26014760147601473,79.30555555555556,0.7361623616236163,0,0.06792283164566679,0.9594493595395346,1,0.037466705655430255,1,0.7388772176134847
f527ccf33bc30a42718492febe92a011,82,0.7474282948081811,0.08483601597482754,0.15660171850417523,0.0003630642623744403,0.09968354430379747,0.36075949367088606,61.24390243902439,0.625,1,0.15550046053717928,-1.5936031818157053,1,-0.37491350324053735,1,2.3063246466602605
fa45e4eed74a2c455bd3fbb11b19d673,67,0.6881064941527744,0.04068176163224683,0.16073650161731773,0.09554615576013933,0.0984182776801406,0.3304042179261863,83.53731343283582,0.655536028119508,0,-0.25004487552954174,0.3741433176060252,1,-0.3926200116773709,1,1.8334153524798158
fb9acbc7b4843ade8708a86dd5f22166,82,0.5935920992191088,0.06407900780891135,0.17661920073495635,0.1495176848874598,0.062266500622665005,0.26650062266500624,80.84146341463415,0.7272727272727273,2,-2.1584930865307244,0.629142968303593,1,-0.8985384746370858,1,0.837851866754136
fd51a181de9e8cc749bad03aa85726cb,76,0.849592953423195,0.023355131456025625,0.11023622047244094,0.00560523154944615,0.042704626334519574,0.1601423487544484,80.5,0.8220640569395018,0,2.733751275319932,-0.10378716300862557,1,-1.1722930222139727,0,-0.8191192860799692
fd7b4ff7657a47711c581b57395ce5d7,79,0.7605853424493223,0.024109391867578267,0.11634880652512894,0.08300347846947344,0.053314121037463975,0.20461095100864554,81.0632911392405,0.7795389048991355,0,1.2483562956995091,0.930560567717722,1,-1.023820673417416,0,-0.12633640767389134
fff61c3111e9d22bc90dde9cdb8c5e9f,84,0.7380146141507753,0.02967385492782035,0.12921047941543398,0.08171448939582962,0.14677419354838708,0.22258064516129034,91.07142857142857,0.7612903225806451,0,0.8205730162609384,0.6947901545445746,1,0.28408671264709134,1,0.15361609382329997
